_id,Firstname,Lastname,Age,Gender
1,Flavio,Toc,23,Masculino
2,Flavio,Galan,55,Masculino
3,Julia,Toc,20,Masculino
4,Nicolle,Guillermo,50,Masculino
5,Julia,Guillermo,57,Masculino
6,Julia,Toc,44,Femenino
7,Pablo,Galan,57,Femenino
8,Nicolle,Guillermo,44,Masculino
9,Pablo,Paz,36,Masculino
10,Jose,Guillermo,39,Femenino
11,Maria,Paz,19,Masculino
12,Jose,Galan,38,Femenino
13,Pablo,Galan,21,Masculino
14,Maria,Toc,55,Femenino
15,Nicolle,Guillermo,54,Femenino
16,Jose,Galan,48,Femenino
17,Jose,Paz,41,Femenino
18,Julia,Galan,56,Masculino
19,Flavio,Galan,18,Masculino
20,Jose,Guillermo,20,Masculino
21,Flavio,Paz,24,Femenino
22,Flavio,Galan,25,Femenino
23,Jose,Guillermo,25,Femenino
24,Pablo,Galan,38,Femenino
25,Maria,Galan,44,Masculino
26,Pablo,Paz,19,Femenino
27,Flavio,Guillermo,21,Femenino
28,Flavio,Guillermo,50,Femenino
29,Flavio,Galan,49,Masculino
30,Pablo,Guillermo,39,Masculino
31,Nicolle,Paz,51,Masculino
32,Maria,Toc,34,Femenino
33,Nicolle,Guillermo,27,Femenino
34,Pablo,Galan,40,Femenino
35,Julia,Toc,38,Femenino
36,Flavio,Guillermo,24,Masculino
37,Pablo,Toc,51,Masculino
38,Nicolle,Paz,52,Femenino
39,Flavio,Guillermo,19,Femenino
40,Nicolle,Paz,25,Masculino
41,Jose,Toc,46,Femenino
42,Jose,Paz,24,Femenino
43,Julia,Paz,34,Femenino
44,Flavio,Guillermo,23,Femenino
45,Nicolle,Guillermo,42,Masculino
46,Flavio,Guillermo,48,Masculino
47,Julia,Toc,44,Masculino
48,Jose,Guillermo,27,Masculino
49,Julia,Paz,21,Masculino
50,Nicolle,Toc,37,Masculino
51,Maria,Guillermo,52,Masculino
52,Pablo,Paz,33,Masculino
53,Nicolle,Guillermo,44,Femenino
54,Flavio,Paz,18,Masculino
55,Pablo,Toc,49,Femenino
56,Pablo,Galan,21,Femenino
57,Jose,Toc,31,Femenino
58,Maria,Galan,35,Femenino
59,Jose,Guillermo,51,Masculino
60,Pablo,Toc,56,Masculino
61,Flavio,Toc,37,Femenino
62,Flavio,Toc,34,Femenino
63,Julia,Guillermo,20,Femenino
64,Nicolle,Guillermo,24,Femenino
65,Jose,Paz,44,Masculino
66,Flavio,Galan,31,Femenino
67,Jose,Paz,42,Femenino
68,Jose,Galan,35,Femenino
69,Jose,Galan,21,Femenino
70,Jose,Paz,33,Femenino
71,Nicolle,Guillermo,56,Femenino
72,Julia,Paz,23,Masculino
73,Maria,Toc,31,Femenino
74,Maria,Toc,40,Masculino
75,Pablo,Galan,26,Masculino
76,Maria,Paz,44,Masculino
77,Flavio,Guillermo,40,Femenino
78,Jose,Paz,50,Masculino
79,Jose,Paz,39,Femenino
80,Julia,Toc,34,Femenino
81,Julia,Guillermo,20,Femenino
82,Julia,Toc,47,Femenino
83,Maria,Toc,27,Femenino
84,Flavio,Galan,18,Masculino
85,Pablo,Guillermo,46,Masculino
86,Pablo,Guillermo,23,Femenino
87,Pablo,Guillermo,33,Masculino
88,Flavio,Paz,51,Femenino
89,Maria,Guillermo,33,Masculino
90,Julia,Toc,45,Masculino
91,Pablo,Toc,49,Masculino
92,Flavio,Guillermo,39,Femenino
93,Pablo,Galan,52,Femenino
94,Maria,Paz,29,Masculino
95,Flavio,Galan,45,Masculino
96,Pablo,Guillermo,20,Femenino
97,Jose,Toc,44,Masculino
98,Maria,Paz,30,Femenino
99,Nicolle,Toc,42,Femenino
100,Jose,Paz,21,Femenino
101,Maria,Guillermo,24,Masculino
102,Jose,Guillermo,37,Masculino
103,Maria,Toc,55,Masculino
104,Flavio,Guillermo,42,Masculino
105,Julia,Guillermo,55,Femenino
106,Flavio,Guillermo,31,Masculino
107,Jose,Toc,47,Femenino
108,Jose,Guillermo,34,Femenino
109,Flavio,Galan,43,Femenino
110,Maria,Toc,20,Masculino
111,Flavio,Paz,36,Femenino
112,Jose,Paz,57,Masculino
113,Pablo,Toc,49,Masculino
114,Nicolle,Paz,39,Masculino
115,Maria,Galan,30,Femenino
116,Pablo,Toc,21,Femenino
117,Flavio,Paz,37,Femenino
118,Maria,Toc,31,Femenino
119,Flavio,Paz,18,Masculino
120,Maria,Guillermo,29,Masculino
121,Flavio,Toc,33,Femenino
122,Flavio,Toc,25,Masculino
123,Jose,Paz,41,Masculino
124,Maria,Guillermo,47,Femenino
125,Maria,Paz,43,Femenino
126,Pablo,Toc,50,Masculino
127,Pablo,Toc,21,Femenino
128,Julia,Paz,30,Femenino
129,Julia,Paz,31,Masculino
130,Julia,Toc,32,Masculino
131,Nicolle,Guillermo,31,Femenino
132,Maria,Paz,50,Masculino
133,Nicolle,Guillermo,30,Masculino
134,Flavio,Toc,46,Femenino
135,Flavio,Guillermo,38,Masculino
136,Maria,Paz,25,Masculino
137,Pablo,Toc,40,Masculino
138,Nicolle,Paz,23,Masculino
139,Maria,Guillermo,44,Femenino
140,Julia,Paz,55,Femenino
141,Flavio,Guillermo,28,Femenino
142,Jose,Galan,31,Femenino
143,Julia,Galan,35,Femenino
144,Julia,Paz,48,Femenino
145,Pablo,Guillermo,44,Masculino
146,Julia,Toc,18,Femenino
147,Julia,Galan,34,Masculino
148,Nicolle,Toc,21,Femenino
149,Flavio,Toc,34,Masculino
150,Jose,Guillermo,46,Masculino
151,Nicolle,Paz,28,Masculino
152,Pablo,Paz,30,Masculino
153,Maria,Guillermo,38,Masculino
154,Jose,Toc,51,Masculino
155,Julia,Galan,47,Masculino
156,Julia,Guillermo,48,Femenino
157,Maria,Galan,27,Masculino
158,Julia,Toc,51,Masculino
159,Julia,Paz,50,Femenino
160,Jose,Toc,52,Femenino
161,Nicolle,Guillermo,29,Femenino
162,Jose,Toc,38,Femenino
163,Nicolle,Guillermo,44,Masculino
164,Nicolle,Guillermo,41,Masculino
165,Julia,Galan,32,Femenino
166,Julia,Guillermo,50,Masculino
167,Julia,Galan,48,Femenino
168,Maria,Paz,44,Masculino
169,Julia,Toc,35,Femenino
170,Nicolle,Guillermo,52,Masculino
171,Maria,Galan,44,Femenino
172,Nicolle,Toc,33,Masculino
173,Pablo,Galan,41,Femenino
174,Julia,Galan,26,Masculino
175,Jose,Guillermo,44,Femenino
176,Julia,Galan,53,Femenino
177,Nicolle,Guillermo,34,Masculino
178,Flavio,Paz,50,Femenino
179,Pablo,Guillermo,43,Masculino
180,Jose,Paz,39,Femenino
181,Julia,Toc,52,Femenino
182,Maria,Toc,18,Femenino
183,Julia,Toc,37,Masculino
184,Nicolle,Paz,30,Femenino
185,Jose,Guillermo,21,Femenino
186,Pablo,Guillermo,52,Femenino
187,Julia,Toc,36,Femenino
188,Pablo,Galan,19,Masculino
189,Nicolle,Guillermo,34,Femenino
190,Nicolle,Guillermo,27,Masculino
191,Pablo,Guillermo,52,Femenino
192,Flavio,Paz,38,Masculino
193,Julia,Guillermo,45,Masculino
194,Nicolle,Toc,28,Femenino
195,Maria,Guillermo,27,Femenino
196,Flavio,Paz,52,Femenino
197,Julia,Galan,30,Masculino
198,Jose,Toc,21,Femenino
199,Pablo,Galan,26,Masculino
200,Nicolle,Guillermo,24,Femenino
201,Jose,Paz,33,Masculino
202,Flavio,Toc,39,Masculino
203,Julia,Guillermo,49,Masculino
204,Julia,Paz,26,Femenino
205,Julia,Guillermo,56,Masculino
206,Flavio,Paz,44,Femenino
207,Maria,Toc,29,Femenino
208,Nicolle,Toc,36,Masculino
209,Nicolle,Paz,35,Femenino
210,Nicolle,Galan,56,Masculino
211,Jose,Guillermo,50,Masculino
212,Jose,Guillermo,22,Femenino
213,Flavio,Galan,19,Masculino
214,Nicolle,Toc,20,Masculino
215,Jose,Toc,26,Femenino
216,Maria,Galan,52,Masculino
217,Nicolle,Paz,35,Femenino
218,Nicolle,Guillermo,44,Masculino
219,Pablo,Guillermo,41,Masculino
220,Jose,Toc,52,Masculino
221,Pablo,Paz,22,Masculino
222,Flavio,Paz,49,Masculino
223,Pablo,Galan,45,Femenino
224,Maria,Toc,19,Femenino
225,Nicolle,Toc,43,Masculino
226,Maria,Galan,48,Masculino
227,Jose,Guillermo,55,Femenino
228,Flavio,Toc,45,Masculino
229,Maria,Galan,40,Masculino
230,Nicolle,Paz,56,Femenino
231,Maria,Toc,27,Masculino
232,Flavio,Galan,30,Masculino
233,Flavio,Guillermo,19,Masculino
234,Pablo,Paz,34,Femenino
235,Jose,Toc,30,Femenino
236,Nicolle,Galan,25,Femenino
237,Flavio,Paz,24,Femenino
238,Jose,Toc,55,Femenino
239,Nicolle,Galan,19,Masculino
240,Nicolle,Galan,28,Masculino
241,Flavio,Guillermo,54,Femenino
242,Jose,Paz,42,Masculino
243,Pablo,Paz,29,Femenino
244,Maria,Toc,20,Femenino
245,Nicolle,Guillermo,47,Masculino
246,Pablo,Toc,37,Masculino
247,Nicolle,Toc,42,Masculino
248,Nicolle,Guillermo,42,Masculino
249,Pablo,Paz,37,Femenino
250,Pablo,Paz,23,Masculino
251,Jose,Galan,27,Femenino
252,Pablo,Paz,25,Femenino
253,Nicolle,Galan,35,Femenino
254,Julia,Guillermo,52,Femenino
255,Julia,Galan,18,Femenino
256,Pablo,Paz,19,Femenino
257,Jose,Guillermo,39,Masculino
258,Julia,Guillermo,46,Masculino
259,Nicolle,Guillermo,49,Masculino
260,Pablo,Guillermo,24,Femenino
261,Jose,Paz,24,Masculino
262,Flavio,Paz,46,Femenino
263,Maria,Galan,51,Femenino
264,Pablo,Paz,26,Femenino
265,Jose,Toc,25,Masculino
266,Jose,Galan,47,Femenino
267,Maria,Galan,39,Femenino
268,Jose,Toc,50,Femenino
269,Flavio,Toc,50,Masculino
270,Nicolle,Galan,35,Masculino
271,Flavio,Galan,21,Femenino
272,Jose,Toc,57,Masculino
273,Julia,Galan,34,Femenino
274,Julia,Paz,42,Masculino
275,Jose,Paz,50,Masculino
276,Pablo,Guillermo,42,Masculino
277,Maria,Paz,39,Masculino
278,Nicolle,Guillermo,26,Femenino
279,Maria,Galan,45,Femenino
280,Julia,Toc,46,Masculino
281,Nicolle,Paz,38,Femenino
282,Julia,Toc,36,Femenino
283,Julia,Galan,23,Femenino
284,Maria,Paz,35,Masculino
285,Jose,Toc,31,Masculino
286,Nicolle,Galan,49,Femenino
287,Julia,Guillermo,21,Femenino
288,Nicolle,Guillermo,40,Femenino
289,Flavio,Galan,51,Masculino
290,Flavio,Paz,27,Femenino
291,Nicolle,Toc,35,Femenino
292,Jose,Toc,39,Femenino
293,Pablo,Guillermo,36,Masculino
294,Jose,Paz,29,Femenino
295,Jose,Galan,26,Masculino
296,Pablo,Toc,57,Masculino
297,Maria,Guillermo,30,Masculino
298,Flavio,Paz,33,Femenino
299,Flavio,Paz,46,Femenino
300,Jose,Toc,23,Femenino
301,Jose,Paz,21,Femenino
302,Pablo,Toc,33,Masculino
303,Maria,Galan,29,Femenino
304,Jose,Paz,26,Femenino
305,Jose,Guillermo,25,Masculino
306,Nicolle,Guillermo,44,Femenino
307,Pablo,Paz,57,Femenino
308,Jose,Toc,31,Femenino
309,Pablo,Guillermo,35,Masculino
310,Flavio,Guillermo,45,Masculino
311,Maria,Paz,21,Femenino
312,Flavio,Paz,53,Femenino
313,Pablo,Galan,43,Masculino
314,Julia,Paz,20,Femenino
315,Pablo,Toc,23,Femenino
316,Maria,Toc,31,Masculino
317,Nicolle,Galan,24,Femenino
318,Maria,Guillermo,25,Femenino
319,Nicolle,Paz,54,Masculino
320,Julia,Guillermo,52,Masculino
321,Jose,Galan,22,Masculino
322,Nicolle,Paz,50,Masculino
323,Nicolle,Paz,28,Masculino
324,Nicolle,Galan,19,Femenino
325,Maria,Paz,39,Masculino
326,Flavio,Guillermo,34,Femenino
327,Jose,Paz,49,Femenino
328,Nicolle,Guillermo,30,Femenino
329,Jose,Toc,44,Masculino
330,Flavio,Guillermo,56,Masculino
331,Flavio,Guillermo,37,Femenino
332,Jose,Paz,23,Masculino
333,Nicolle,Toc,42,Femenino
334,Maria,Galan,57,Masculino
335,Pablo,Toc,46,Masculino
336,Maria,Guillermo,19,Masculino
337,Pablo,Galan,54,Masculino
338,Nicolle,Galan,42,Masculino
339,Jose,Paz,27,Femenino
340,Pablo,Toc,56,Femenino
341,Nicolle,Toc,49,Masculino
342,Pablo,Galan,18,Femenino
343,Nicolle,Toc,25,Masculino
344,Maria,Galan,42,Masculino
345,Jose,Galan,38,Masculino
346,Flavio,Paz,28,Masculino
347,Flavio,Guillermo,44,Masculino
348,Jose,Toc,51,Masculino
349,Nicolle,Paz,50,Femenino
350,Flavio,Toc,44,Femenino
351,Maria,Paz,33,Femenino
352,Jose,Toc,22,Femenino
353,Jose,Toc,27,Masculino
354,Pablo,Toc,39,Femenino
355,Jose,Guillermo,22,Masculino
356,Flavio,Galan,56,Masculino
357,Flavio,Paz,46,Femenino
358,Jose,Paz,23,Femenino
359,Julia,Galan,23,Femenino
360,Pablo,Paz,24,Masculino
361,Jose,Guillermo,39,Femenino
362,Flavio,Paz,44,Masculino
363,Jose,Paz,26,Masculino
364,Pablo,Paz,56,Femenino
365,Flavio,Toc,49,Femenino
366,Nicolle,Toc,53,Masculino
367,Julia,Paz,46,Masculino
368,Julia,Paz,54,Femenino
369,Jose,Toc,42,Masculino
370,Jose,Toc,54,Femenino
371,Pablo,Paz,28,Masculino
372,Pablo,Paz,29,Femenino
373,Julia,Paz,34,Masculino
374,Pablo,Paz,23,Femenino
375,Maria,Guillermo,51,Femenino
376,Nicolle,Toc,54,Femenino
377,Pablo,Galan,19,Masculino
378,Pablo,Guillermo,33,Femenino
379,Julia,Guillermo,52,Femenino
380,Jose,Paz,33,Femenino
381,Nicolle,Paz,35,Femenino
382,Pablo,Guillermo,28,Femenino
383,Flavio,Guillermo,23,Femenino
384,Flavio,Paz,47,Femenino
385,Pablo,Toc,31,Masculino
386,Julia,Toc,39,Masculino
387,Pablo,Guillermo,25,Femenino
388,Pablo,Galan,22,Masculino
389,Pablo,Paz,55,Masculino
390,Flavio,Galan,23,Masculino
391,Julia,Guillermo,40,Femenino
392,Maria,Galan,41,Masculino
393,Pablo,Toc,48,Femenino
394,Pablo,Galan,36,Femenino
395,Flavio,Paz,32,Femenino
396,Maria,Paz,22,Masculino
397,Jose,Galan,57,Femenino
398,Flavio,Paz,18,Masculino
399,Julia,Guillermo,31,Masculino
400,Maria,Toc,22,Masculino
